Surname & Car Reg,3-point belts (excluding driver),Other belts (excluding driver),Driver 1,Driver 2,Driver 3,Driver 4,Driver 5,Driver 6
Anderson (AB12 CDE),4,0,James Anderson,Susan Anderson,,,,
Rodriguez (FG34 HIJ),4,0,Mike Rodriguez,,,,,
Brown (KL56 MNO),4,0,Sam Brown,,,,,
Clark (PQ78 RST),4,0,Eric Clark,,,,,
Evans (UV90 WXY),6,0,Chloe Evans,,,,,
Johnson (ZA12 BCD),4,0,Kevin Johnson,Emma Roberts,,,,
Thompson (EF34 GHI),4,0,Alex Thompson,Rachel Green,,,,
Collins (WOLF),4,0,Maya Collins,,,,,
Scott (JK56 LMN),4,0,Hannah Scott,,,,,
Wilson (OP78 QRS),4,0,David Wilson,,,,,
Adams (TU90 VWX),4,0,Nicole Adams,,,,,
Jackson (YZ12 ABC),3,1,Tyler Jackson,,,,,
Mitchell (DE34 FGH),0,3,Sarah Mitchell,,,,,
Phillips (IJ56 KLM),4,0,Zoe Phillips,,,,,
Minibus (NO78 PQR),16,0,James Anderson,Alex Thompson,Tyler Jackson,Kevin Johnson,,
Minibus (ST90 UVW),16,0,James Anderson,Alex Thompson,Tyler Jackson,Kevin Johnson,,
Minibus (XY12 ZAB),16,0,James Anderson,Alex Thompson,Tyler Jackson,Kevin Johnson,,