Vehicle,Driver,Passenger,Dorm,Is_Driver,Vehicle_Type
Jenkins (CK10 GZF),Rob Jenkins,Rob Jenkins,Martin Loy,True,Car
Jenkins (CK10 GZF),Rob Jenkins,Martin Loy 2,Martin Loy,False,Car
Jenkins (CK10 GZF),Rob Jenkins,Martin Loy 5,Martin Loy,False,Car
Davies (FG60 OUM),John Davies,Titus Waldock,Titus Waldock,False,Car
Davies (FG60 OUM),John Davies,John Davies,Titus Waldock,True,Car
Davies (FG60 OUM),John Davies,Titus Waldock 1,Titus Waldock,False,Car
Davies (FG60 OUM),John Davies,Titus Waldock 3,Titus Waldock,False,Car
Davies (FG60 OUM),John Davies,Titus Waldock 4,Titus Waldock,False,Car
Mullins (PX67 LSN),Nick Mullins,Nick Mullins,Robin Weekes,True,Car
Mullins (PX67 LSN),Nick Mullins,Robin Weekes 3,Robin Weekes,False,Car
Mullins (PX67 LSN),Nick Mullins,Robin Weekes 6,Robin Weekes,False,Car
Mullins (PX67 LSN),Nick Mullins,Robin Weekes 7,Robin Weekes,False,Car
Mullins (PX67 LSN),Nick Mullins,Robin Weekes 9,Robin Weekes,False,Car
Thomas (LC24 V22),Paget Thomas,Tom Bromiley,Titus Waldock,False,Car
Thomas (LC24 V22),Paget Thomas,Titus Waldock 2,Titus Waldock,False,Car
Thomas (LC24 V22),Paget Thomas,Titus Waldock 6,Titus Waldock,False,Car
Thomas (LC24 V22),Paget Thomas,Charlie Montgomery 1,Charlie Montgomery,False,Car
Thomas (LC24 V22),Paget Thomas,Charlie Montgomery 3,Charlie Montgomery,False,Car
Thomas (LC24 V22),Paget Thomas,Paget Thomas,Sophie Cornes,True,Car
Thomas (LC24 V22),Paget Thomas,Sophie Cornes 1,Sophie Cornes,False,Car
Montgomery (VV24 MDN),Charlie Montgomery,Charlie Montgomery,Charlie Montgomery,True,Car
Montgomery (VV24 MDN),Charlie Montgomery,Charlie Montgomery 4,Charlie Montgomery,False,Car
Montgomery (VV24 MDN),Charlie Montgomery,Charlie Montgomery 5,Charlie Montgomery,False,Car
Montgomery (VV24 MDN),Charlie Montgomery,Charlie Montgomery 8,Charlie Montgomery,False,Car
Montgomery (VV24 MDN),Charlie Montgomery,Charlie Montgomery 9,Charlie Montgomery,False,Car
Loy (BF70 AZT),Martin Loy,Martin Loy,Martin Loy,True,Car
Loy (BF70 AZT),Martin Loy,Martin Loy 1,Martin Loy,False,Car
Loy (BF70 AZT),Martin Loy,Martin Loy 3,Martin Loy,False,Car
Loy (BF70 AZT),Martin Loy,Martin Loy 4,Martin Loy,False,Car
Loy (BF70 AZT),Martin Loy,Martin Loy 7,Martin Loy,False,Car
Cornes (WOLF),Alice Cornes,Alice Cornes,Alice Cornes,True,Car
Cornes (WOLF),Alice Cornes,Alice Cornes 2,Alice Cornes,False,Car
Cornes (WOLF),Alice Cornes,Alice Cornes 4,Alice Cornes,False,Car
Cornes (WOLF),Alice Cornes,Alice Cornes 5,Alice Cornes,False,Car
Bewes (FG58 TCU),Charlotte Bewes,Charlotte Bewes,Sophie Cornes,True,Car
Bewes (FG58 TCU),Charlotte Bewes,Sophie Cornes 4,Sophie Cornes,False,Car
Bewes (FG58 TCU),Charlotte Bewes,Sophie Cornes 5,Sophie Cornes,False,Car
Johnson (YA64 FV2),Leo Johnson,Leo Johnson,Martin Loy,True,Car
Johnson (YA64 FV2),Leo Johnson,Martin Loy 6,Martin Loy,False,Car
Johnson (YA64 FV2),Leo Johnson,Tom Gardner,Will Clarke,False,Car
Johnson (YA64 FV2),Leo Johnson,Will Clarke 2,Will Clarke,False,Car
Johnson (YA64 FV2),Leo Johnson,Will Clarke 6,Will Clarke,False,Car
Cornes (CE63 YBX),Sophie Cornes,Sophie Cornes,Sophie Cornes,True,Car
Cornes (CE63 YBX),Sophie Cornes,Sophie Cornes 2,Sophie Cornes,False,Car
Cornes (CE63 YBX),Sophie Cornes,Sophie Cornes 3,Sophie Cornes,False,Car
Shrives (HN16 WDA),Hannah Shrives,Tabby Hill,Alice Cornes,False,Car
Shrives (HN16 WDA),Hannah Shrives,Hannah Shrives,Alice Cornes,True,Car
Shrives (HN16 WDA),Hannah Shrives,Alice Cornes 3,Alice Cornes,False,Car
Shrives (HN16 WDA),Hannah Shrives,Alice Cornes 7,Alice Cornes,False,Car
Shrives (HN16 WDA),Hannah Shrives,Alice Cornes 8,Alice Cornes,False,Car
Minibus (BG59 FDJ),Paul Montgomery,Paul Montgomery,Paul Montgomery,True,Minibus
Minibus (BG59 FDJ),Paul Montgomery,Tom Haley,Paul Montgomery,False,Minibus
Minibus (BG59 FDJ),Paul Montgomery,James Krammer,Paul Montgomery,False,Minibus
Minibus (BG59 FDJ),Paul Montgomery,Paul Montgomery 1,Paul Montgomery,False,Minibus
Minibus (BG59 FDJ),Paul Montgomery,Paul Montgomery 2,Paul Montgomery,False,Minibus
Minibus (BG59 FDJ),Paul Montgomery,Paul Montgomery 3,Paul Montgomery,False,Minibus
Minibus (BG59 FDJ),Paul Montgomery,Paul Montgomery 4,Paul Montgomery,False,Minibus
Minibus (BG59 FDJ),Paul Montgomery,Paul Montgomery 5,Paul Montgomery,False,Minibus
Minibus (BG59 FDJ),Paul Montgomery,Paul Montgomery 6,Paul Montgomery,False,Minibus
Minibus (BG59 FDJ),Paul Montgomery,Paul Montgomery 7,Paul Montgomery,False,Minibus
Minibus (BL10 EYY),Will Clarke,Will Clarke,Will Clarke,True,Minibus
Minibus (BL10 EYY),Will Clarke,Jack Shannon,Will Clarke,False,Minibus
Minibus (BL10 EYY),Will Clarke,Will Clarke 1,Will Clarke,False,Minibus
Minibus (BL10 EYY),Will Clarke,Will Clarke 3,Will Clarke,False,Minibus
Minibus (BL10 EYY),Will Clarke,Will Clarke 4,Will Clarke,False,Minibus
Minibus (BL10 EYY),Will Clarke,Will Clarke 5,Will Clarke,False,Minibus
Minibus (BL10 EYY),Will Clarke,Titus Waldock 5,Titus Waldock,False,Minibus
Minibus (BL10 EYY),Will Clarke,Titus Waldock 7,Titus Waldock,False,Minibus
Minibus (BL10 EYY),Will Clarke,Alice McCaughern,Charlie Montgomery,False,Minibus
Minibus (BL10 EYY),Will Clarke,Pip Davies,Charlie Montgomery,False,Minibus
Minibus (BL10 EYY),Will Clarke,Charlie Montgomery 2,Charlie Montgomery,False,Minibus
Minibus (BL10 EYY),Will Clarke,Charlie Montgomery 6,Charlie Montgomery,False,Minibus
Minibus (BL10 EYY),Will Clarke,Charlie Montgomery 7,Charlie Montgomery,False,Minibus
Minibus (BL10 EYY),Will Clarke,Alice Cornes 1,Alice Cornes,False,Minibus
Minibus (BL10 EYY),Will Clarke,Alice Cornes 6,Alice Cornes,False,Minibus
Minibus (BL10 EYY),Will Clarke,Beks Pentland,Wendy Loy,False,Minibus
Minibus (BL10 EYY),Will Clarke,Wendy Loy 4,Wendy Loy,False,Minibus
Minibus (HX70 BXB),Robin Weekes,Robin Weekes,Robin Weekes,True,Minibus
Minibus (HX70 BXB),Robin Weekes,Johnny Farrar-Bell,Robin Weekes,False,Minibus
Minibus (HX70 BXB),Robin Weekes,Charlie Krammer,Robin Weekes,False,Minibus
Minibus (HX70 BXB),Robin Weekes,Robin Weekes 1,Robin Weekes,False,Minibus
Minibus (HX70 BXB),Robin Weekes,Robin Weekes 2,Robin Weekes,False,Minibus
Minibus (HX70 BXB),Robin Weekes,Robin Weekes 4,Robin Weekes,False,Minibus
Minibus (HX70 BXB),Robin Weekes,Robin Weekes 5,Robin Weekes,False,Minibus
Minibus (HX70 BXB),Robin Weekes,Robin Weekes 8,Robin Weekes,False,Minibus
Minibus (HX70 BXB),Robin Weekes,Wendy Loy,Wendy Loy,False,Minibus
Minibus (HX70 BXB),Robin Weekes,Emily Williams,Wendy Loy,False,Minibus
Minibus (HX70 BXB),Robin Weekes,Wendy Loy 1,Wendy Loy,False,Minibus
Minibus (HX70 BXB),Robin Weekes,Wendy Loy 2,Wendy Loy,False,Minibus
Minibus (HX70 BXB),Robin Weekes,Wendy Loy 3,Wendy Loy,False,Minibus
Minibus (HX70 BXB),Robin Weekes,Wendy Loy 5,Wendy Loy,False,Minibus
Minibus (HX70 BXB),Robin Weekes,Wendy Loy 6,Wendy Loy,False,Minibus
Minibus (HX70 BXB),Robin Weekes,Wendy Loy 7,Wendy Loy,False,Minibus
