,Driver,0,1,2,3,4,5,6,7,8,9,10,11,12,13,14,15
Minibus (XY12 ZAB),James Anderson,Chris Martinez,Ryan Garcia,James Anderson 1,James Anderson 2,James Anderson 3,James Anderson 4,James Anderson 5,James Anderson 6,Sarah Mitchell,Lisa Parker,Emma Roberts 1,Emma Roberts 2,Emma Roberts 3,Emma Roberts 4,Emma Roberts 5,Emma Roberts 7
Minibus (ST90 UVW),Alex Thompson,Jake Moore,Nathan Miller 1,Nathan Miller 2,Nathan Miller 3,Nathan Miller 7,Josh White,Matt Lewis,Tyler Jackson 1,Tyler Jackson 8,Tyler Jackson 9,Amy Carter,Grace Hall,Rachel Green 2,Rachel Green 3,Rachel Green 5,Rachel Green 6
Minibus (NO78 PQR),Kevin Johnson,Ben Taylor,Luke Davis,Kevin Johnson 1,Kevin Johnson 2,Kevin Johnson 3,Kevin Johnson 4,Kevin Johnson 5,Kevin Johnson 6,Kevin Johnson 7,Kate Turner,Zoe Phillips,Maya Collins 4,Maya Collins 5,Maya Collins 6,Maya Collins 7,Maya Collins 8
Jackson (YZ12 ABC),Tyler Jackson,Tyler Jackson 2,Tyler Jackson 3,Tyler Jackson 7,,,,,,,,,,,,,
Wilson (OP78 QRS),David Wilson,Alex Thompson 1,Alex Thompson 2,Alex Thompson 3,,,,,,,,,,,,,
Scott (JK56 LMN),Hannah Scott,Nicole Adams 2,Nicole Adams 3,Nicole Adams 4,,,,,,,,,,,,,
Collins (WOLF),Maya Collins,Maya Collins 1,Maya Collins 2,Maya Collins 3,,,,,,,,,,,,,
Green (EF34 GHI),Rachel Green,Rachel Green 1,Rachel Green 4,Rachel Green 7,,,,,,,,,,,,,
Roberts (ZA12 BCD),Emma Roberts,Emma Roberts 6,Emma Roberts 8,Emma Roberts 9,,,,,,,,,,,,,
Evans (UV90 WXY),Chloe Evans,Nicole Adams,Nicole Adams 1,Nicole Adams 5,,,,,,,,,,,,,
Clark (PQ78 RST),Eric Clark,Tyler Jackson 4,Tyler Jackson 5,Tyler Jackson 6,,,,,,,,,,,,,
Brown (KL56 MNO),Sam Brown,Nathan Miller,Nathan Miller 4,Nathan Miller 5,Nathan Miller 6,,,,,,,,,,,,
Rodriguez (FG34 HIJ),Mike Rodriguez,Alex Thompson 4,Alex Thompson 5,Alex Thompson 6,Alex Thompson 7,,,,,,,,,,,,
